,time,open,high,low,close,vwap,volume,count
0,1699653600,0.87376,0.87391,0.87374,0.87381,0.87380,5814.27633588,35
1,1699655400,0.87389,0.87402,0.87386,0.87393,0.87392,3598.19085964,17
2,1699657200,0.87397,0.87412,0.87357,0.87386,0.87386,21770.74118489,98
3,1699659000,0.87376,0.87404,0.87374,0.87404,0.87380,767.89902452,9
4,1699660800,0.87403,0.87409,0.87318,0.87396,0.87366,64803.90984995,152
5,1699662600,0.87396,0.87439,0.87389,0.87402,0.87415,34914.38452988,93
6,1699664400,0.87394,0.87419,0.87389,0.87406,0.87412,16732.75591627,38
7,1699666200,0.87405,0.87416,0.87389,0.87405,0.87405,10390.94446908,42
8,1699668000,0.87408,0.87408,0.87398,0.87398,0.87405,5946.52981351,16
9,1699669800,0.87395,0.87407,0.87395,0.87401,0.87398,1041.66112501,6
10,1699671600,0.87406,0.87407,0.87399,0.87399,0.87399,8938.70110860,12
11,1699673400,0.87398,0.87409,0.87397,0.87404,0.87401,1188.30435547,8
12,1699675200,0.87397,0.87405,0.87392,0.87403,0.87398,3460.70763001,30
13,1699677000,0.87395,0.87400,0.87389,0.87400,0.87396,1397.21062977,12
14,1699678800,0.87398,0.87469,0.87386,0.87396,0.87428,100820.63420803,36
15,1699680600,0.87404,0.87411,0.87404,0.87404,0.87404,559.04147824,6
16,1699682400,0.87400,0.87402,0.87400,0.87402,0.87401,3779.69262417,2
17,1699684200,0.87399,0.87403,0.87397,0.87403,0.87398,1181.47260250,8
18,1699686000,0.87395,0.87403,0.87394,0.87399,0.87397,932.37938602,8
19,1699687800,0.87401,0.87402,0.87390,0.87392,0.87395,3614.53263690,16
20,1699689600,0.87387,0.87396,0.87387,0.87389,0.87393,1519.48365207,22
21,1699691400,0.87399,0.87402,0.87391,0.87391,0.87399,2488.55636526,12
22,1699693200,0.87396,0.87402,0.87376,0.87385,0.87390,7764.21775114,35
23,1699695000,0.87375,0.87383,0.87355,0.87377,0.87370,4041.65450306,24
24,1699696800,0.87370,0.87386,0.87362,0.87369,0.87373,8511.98423882,23
25,1699698600,0.87363,0.87382,0.87363,0.87371,0.87375,791.56763887,16
26,1699700400,0.87372,0.87373,0.87362,0.87373,0.87366,1500.88851036,19
27,1699702200,0.87371,0.87382,0.87368,0.87378,0.87378,5662.57175167,26
28,1699704000,0.87374,0.87395,0.87371,0.87386,0.87386,4258.76305395,23
29,1699705800,0.87376,0.87383,0.87374,0.87374,0.87374,18516.57123670,48
30,1699707600,0.87381,0.87401,0.87376,0.87382,0.87385,10006.78491626,43
31,1699709400,0.87381,0.87396,0.87374,0.87383,0.87382,21212.87999089,97
32,1699711200,0.87387,0.87397,0.87374,0.87392,0.87387,6099.48032687,51
33,1699713000,0.87385,0.87395,0.87374,0.87382,0.87382,8842.72969829,61
34,1699714800,0.87381,0.87401,0.87381,0.87390,0.87388,5017.59113246,32
35,1699716600,0.87381,0.87406,0.87381,0.87405,0.87392,4302.46687826,38
36,1699718400,0.87402,0.87412,0.87396,0.87411,0.87405,9721.71767220,70
37,1699720200,0.87405,0.87429,0.87401,0.87420,0.87413,18947.47389917,79
38,1699722000,0.87410,0.87436,0.87392,0.87427,0.87415,11438.91994045,68
39,1699723800,0.87425,0.87441,0.87419,0.87423,0.87428,20469.45210882,47
40,1699725600,0.87435,0.87441,0.87425,0.87435,0.87437,7040.12200765,27
41,1699727400,0.87429,0.87435,0.87423,0.87425,0.87425,2975.12335661,30
42,1699729200,0.87425,0.87437,0.87422,0.87432,0.87426,2478.75058276,30
43,1699731000,0.87438,0.87447,0.87396,0.87425,0.87431,10107.48524986,42
44,1699732800,0.87429,0.87450,0.87425,0.87443,0.87438,9754.57250237,82
45,1699734600,0.87440,0.87449,0.87430,0.87430,0.87438,5799.18247989,52
46,1699736400,0.87431,0.87456,0.87410,0.87439,0.87434,18001.08155204,89
47,1699738200,0.87439,0.87455,0.87438,0.87444,0.87446,3511.99880794,32
48,1699740000,0.87444,0.87462,0.87410,0.87453,0.87435,16014.77389942,87
49,1699741800,0.87452,0.87459,0.87442,0.87450,0.87451,4815.53968084,31
50,1699743600,0.87445,0.87456,0.87420,0.87454,0.87433,21615.87418932,67
51,1699745400,0.87446,0.87460,0.87442,0.87458,0.87449,3908.20932111,30
52,1699747200,0.87450,0.87466,0.87444,0.87448,0.87455,10169.77341242,51
53,1699749000,0.87450,0.87461,0.87433,0.87454,0.87453,20093.15048034,83
54,1699750800,0.87460,0.87466,0.87435,0.87441,0.87458,884.05124255,10
55,1699752600,0.87436,0.87449,0.87436,0.87441,0.87442,6631.20861943,32
56,1699754400,0.87441,0.87445,0.87440,0.87440,0.87442,2002.90264657,23
57,1699756200,0.87440,0.87450,0.87437,0.87450,0.87440,1357.73583347,9
58,1699758000,0.87444,0.87450,0.87442,0.87450,0.87442,1007.89000000,5
59,1699759800,0.87449,0.87451,0.87449,0.87450,0.87449,326.16987051,3
60,1699761600,0.87452,0.87499,0.87452,0.87499,0.87482,1828.81410057,21
61,1699763400,0.87488,0.87500,0.87488,0.87492,0.87494,612.13717918,12
62,1699765200,0.87490,0.87502,0.87490,0.87498,0.87496,596.05187871,14
63,1699767000,0.87494,0.87505,0.87494,0.87496,0.87500,977.17515351,14
64,1699768800,0.87496,0.87502,0.87493,0.87493,0.87498,1572.27902644,25
65,1699770600,0.87492,0.87511,0.87488,0.87498,0.87497,5205.09812781,35
66,1699772400,0.87496,0.87511,0.87465,0.87465,0.87491,6788.02182784,48
67,1699774200,0.87481,0.87492,0.87474,0.87480,0.87482,4064.01598526,38
68,1699776000,0.87480,0.87487,0.87473,0.87475,0.87480,4838.45729013,24
69,1699777800,0.87477,0.87489,0.87474,0.87476,0.87479,8222.92561743,32
70,1699779600,0.87484,0.87493,0.87451,0.87493,0.87473,14372.46253397,40
71,1699781400,0.87493,0.87499,0.87478,0.87492,0.87484,13056.03755177,55
72,1699783200,0.87486,0.87513,0.87483,0.87493,0.87499,14727.48687286,73
73,1699785000,0.87494,0.87516,0.87462,0.87507,0.87475,27989.34663733,101
74,1699786800,0.87508,0.87542,0.87487,0.87494,0.87511,7616.88774734,41
75,1699788600,0.87501,0.87507,0.87475,0.87494,0.87487,19589.34977189,47
76,1699790400,0.87495,0.87530,0.87495,0.87507,0.87524,20008.16472650,56
77,1699792200,0.87508,0.87520,0.87472,0.87515,0.87508,15585.80695405,42
78,1699794000,0.87515,0.87538,0.87515,0.87534,0.87528,13527.81278720,47
79,1699795800,0.87529,0.87533,0.87521,0.87528,0.87525,2203.54910655,30
80,1699797600,0.87524,0.87541,0.87521,0.87536,0.87532,26073.78814248,39
81,1699799400,0.87540,0.87541,0.87507,0.87536,0.87535,23786.48918992,81
82,1699801200,0.87539,0.87551,0.87529,0.87545,0.87542,39705.34251828,48
83,1699803000,0.87546,0.87552,0.87543,0.87551,0.87548,3113.33248465,34
84,1699804800,0.87554,0.87560,0.87521,0.87559,0.87549,46053.23381140,50
85,1699806600,0.87553,0.87561,0.87549,0.87554,0.87554,6839.66917184,27
86,1699808400,0.87557,0.87558,0.87544,0.87546,0.87549,3015.10779018,21
87,1699810200,0.87541,0.87553,0.87535,0.87552,0.87546,5694.83188069,28
88,1699812000,0.87548,0.87557,0.87532,0.87546,0.87546,11713.13670290,62
89,1699813800,0.87545,0.87560,0.87534,0.87546,0.87546,13368.31339294,48
90,1699815600,0.87541,0.87562,0.87534,0.87545,0.87546,8014.28788770,37
91,1699817400,0.87542,0.87561,0.87540,0.87561,0.87549,4776.71758792,41
92,1699819200,0.87544,0.87557,0.87539,0.87543,0.87546,2750.61688937,35
93,1699821000,0.87543,0.87555,0.87520,0.87526,0.87536,9895.79512234,50
94,1699822800,0.87552,0.87561,0.87536,0.87550,0.87551,5126.55828773,26
95,1699824600,0.87548,0.87548,0.87535,0.87535,0.87537,9910.41914935,21
96,1699826400,0.87542,0.87544,0.87317,0.87364,0.87386,147289.96851763,162
97,1699828200,0.87360,0.87479,0.87341,0.87358,0.87414,169824.89180147,267
98,1699830000,0.87363,0.87399,0.87363,0.87388,0.87383,8661.16781575,48
99,1699831800,0.87388,0.87433,0.87374,0.87397,0.87390,14268.99526917,89
100,1699833600,0.87394,0.87394,0.87371,0.87377,0.87380,9179.03644658,55
101,1699835400,0.87374,0.87381,0.87362,0.87362,0.87373,6041.19727729,26
102,1699837200,0.87361,0.87384,0.87348,0.87368,0.87373,18742.78007517,70
103,1699839000,0.87368,0.87374,0.87346,0.87346,0.87362,7996.86161467,40
104,1699840800,0.87345,0.87355,0.87333,0.87344,0.87342,6130.17165382,40
105,1699842600,0.87347,0.87367,0.87339,0.87362,0.87351,11462.32868330,42
106,1699844400,0.87369,0.87413,0.87369,0.87404,0.87399,3718.22581155,36
107,1699846200,0.87409,0.87463,0.87400,0.87414,0.87417,23017.87607201,93
108,1699848000,0.87400,0.87408,0.87389,0.87401,0.87403,4492.35316563,23
109,1699849800,0.87401,0.87409,0.87387,0.87406,0.87401,11685.79127776,27
110,1699851600,0.87401,0.87452,0.87387,0.87391,0.87417,111587.45835599,335
111,1699853400,0.87398,0.87399,0.87380,0.87399,0.87390,6365.83374620,27
112,1699855200,0.87390,0.87444,0.87385,0.87391,0.87409,15441.49569194,85
113,1699857000,0.87388,0.87410,0.87385,0.87410,0.87395,2449.04216819,42
114,1699858800,0.87396,0.87465,0.87389,0.87421,0.87431,54035.75921657,166
115,1699860600,0.87424,0.87431,0.87390,0.87409,0.87412,8622.63028320,43
116,1699862400,0.87400,0.87445,0.87377,0.87400,0.87405,19877.64683502,42
117,1699864200,0.87399,0.87414,0.87377,0.87377,0.87393,41720.50955050,53
118,1699866000,0.87368,0.87397,0.87339,0.87397,0.87370,5144.59781089,41
119,1699867800,0.87406,0.87421,0.87334,0.87356,0.87363,29349.26738285,42
120,1699869600,0.87356,0.87414,0.87356,0.87406,0.87395,21359.23475490,58
121,1699871400,0.87387,0.87389,0.87297,0.87303,0.87340,24060.44568240,70
122,1699873200,0.87308,0.87308,0.87250,0.87250,0.87267,8409.94923442,64
123,1699875000,0.87242,0.87265,0.87184,0.87196,0.87240,9836.28309890,45
124,1699876800,0.87223,0.87243,0.87197,0.87222,0.87218,14528.28989891,67
125,1699878600,0.87230,0.87245,0.87158,0.87178,0.87206,21523.72467771,61
126,1699880400,0.87167,0.87172,0.87072,0.87077,0.87106,9981.14715869,88
127,1699882200,0.87079,0.87200,0.87051,0.87138,0.87153,115748.14571759,94
128,1699884000,0.87145,0.87223,0.87129,0.87181,0.87165,10347.40099724,30
129,1699885800,0.87200,0.87238,0.87174,0.87201,0.87215,58233.72449408,71
130,1699887600,0.87219,0.87219,0.87116,0.87163,0.87175,6247.66104530,24
131,1699889400,0.87174,0.87232,0.87154,0.87227,0.87195,48425.38184340,63
132,1699891200,0.87227,0.87248,0.87201,0.87222,0.87225,9324.02795755,41
133,1699893000,0.87221,0.87227,0.87202,0.87204,0.87214,15668.10679788,42
134,1699894800,0.87221,0.87236,0.87165,0.87199,0.87197,44936.53362717,87
135,1699896600,0.87207,0.87207,0.87162,0.87181,0.87184,5914.43807950,56
136,1699898400,0.87171,0.87193,0.87165,0.87176,0.87178,12280.08259073,54
137,1699900200,0.87185,0.87209,0.87176,0.87207,0.87195,10977.60612937,54
138,1699902000,0.87202,0.87209,0.87184,0.87184,0.87193,6029.83071077,37
139,1699903800,0.87183,0.87197,0.87161,0.87167,0.87182,12881.51853067,60
140,1699905600,0.87160,0.87209,0.87150,0.87159,0.87180,15608.11390867,66
141,1699907400,0.87159,0.87182,0.87153,0.87162,0.87168,18986.38988373,79
142,1699909200,0.87151,0.87219,0.87060,0.87139,0.87139,142259.87540573,152
143,1699911000,0.87138,0.87162,0.87115,0.87139,0.87137,31114.65924869,88
144,1699912800,0.87140,0.87201,0.87131,0.87167,0.87180,93270.52800608,79
145,1699914600,0.87162,0.87206,0.87156,0.87168,0.87188,100771.79723688,151
146,1699916400,0.87169,0.87169,0.87140,0.87140,0.87157,11558.23845240,28
147,1699918200,0.87146,0.87180,0.87143,0.87164,0.87158,23258.13123770,96
148,1699920000,0.87156,0.87192,0.87154,0.87183,0.87170,19670.50531957,79
149,1699921800,0.87183,0.87210,0.87179,0.87193,0.87196,10642.05129033,41
150,1699923600,0.87198,0.87198,0.87169,0.87181,0.87186,3402.92327657,27
151,1699925400,0.87186,0.87209,0.87177,0.87209,0.87193,7676.50404671,25
152,1699927200,0.87201,0.87219,0.87201,0.87219,0.87211,4364.03244840,27
153,1699929000,0.87209,0.87209,0.87192,0.87194,0.87198,4622.67711360,12
154,1699930800,0.87195,0.87200,0.87192,0.87193,0.87195,2107.75660798,12
155,1699932600,0.87192,0.87196,0.87191,0.87196,0.87193,1424.11639576,6
156,1699934400,0.87193,0.87197,0.87186,0.87193,0.87193,5945.07056232,12
157,1699936200,0.87187,0.87195,0.87187,0.87188,0.87188,908.78314579,10
158,1699938000,0.87186,0.87186,0.87173,0.87173,0.87180,2895.55325993,23
159,1699939800,0.87176,0.87196,0.87169,0.87179,0.87184,7338.11800659,27
160,1699941600,0.87181,0.87187,0.87151,0.87151,0.87171,5659.86328682,47
161,1699943400,0.87159,0.87166,0.87151,0.87163,0.87158,12898.75916161,28
162,1699945200,0.87159,0.87159,0.87043,0.87043,0.87111,37002.29381613,82
163,1699947000,0.87043,0.87071,0.87029,0.87065,0.87054,8877.23247181,44
164,1699948800,0.87071,0.87114,0.87056,0.87098,0.87083,24671.27660414,68
165,1699950600,0.87098,0.87147,0.87089,0.87109,0.87134,89033.63841586,78
166,1699952400,0.87103,0.87180,0.87088,0.87159,0.87127,19439.43245531,95
167,1699954200,0.87153,0.87187,0.87086,0.87100,0.87133,16220.58573915,67
168,1699956000,0.87071,0.87225,0.86990,0.87225,0.87028,249952.85826433,46
169,1699957800,0.87228,0.87255,0.87228,0.87241,0.87240,12563.17629839,46
170,1699959600,0.87237,0.87266,0.87219,0.87237,0.87236,32046.64749736,71
171,1699961400,0.87244,0.87272,0.87241,0.87272,0.87252,9649.66134199,24
172,1699963200,0.87249,0.87251,0.87178,0.87236,0.87224,8039.51356885,24
173,1699965000,0.87227,0.87239,0.87195,0.87200,0.87226,10100.98779583,57
174,1699966800,0.87202,0.87284,0.87202,0.87238,0.87236,19988.62468328,53
175,1699968600,0.87221,0.87460,0.87011,0.87026,0.87251,47576.12690558,109
176,1699970400,0.87016,0.87115,0.86980,0.87035,0.87056,15929.79447974,39
177,1699972200,0.87023,0.87027,0.86960,0.86973,0.86996,27328.29905825,45
178,1699974000,0.86973,0.87016,0.86922,0.86949,0.86961,38541.94699729,78
179,1699975800,0.86946,0.87033,0.86905,0.87032,0.86957,21451.03206389,76
180,1699977600,0.87035,0.87083,0.87009,0.87009,0.87038,20401.13957832,77
181,1699979400,0.87009,0.87037,0.87004,0.87031,0.87021,12561.62953342,64
182,1699981200,0.87028,0.87077,0.87009,0.87068,0.87048,22010.79653912,77
183,1699983000,0.87063,0.87079,0.87039,0.87069,0.87056,29457.25283466,94
184,1699984800,0.87068,0.87088,0.87057,0.87067,0.87071,19171.79849876,73
185,1699986600,0.87073,0.87122,0.87056,0.87075,0.87084,65339.99748546,225
186,1699988400,0.87079,0.87084,0.87026,0.87030,0.87053,25088.06556762,101
187,1699990200,0.87037,0.87079,0.87036,0.87061,0.87042,41926.06307315,75
188,1699992000,0.87072,0.87095,0.87063,0.87063,0.87080,17173.42397138,83
189,1699993800,0.87059,0.87076,0.87049,0.87061,0.87063,15870.90151016,47
190,1699995600,0.87063,0.87077,0.87033,0.87052,0.87052,19325.01012112,86
191,1699997400,0.87057,0.87066,0.87036,0.87046,0.87052,12305.11637439,50
192,1699999200,0.87042,0.87062,0.87019,0.87062,0.87039,29003.37169429,83
193,1700001000,0.87047,0.87077,0.86983,0.87069,0.87034,66261.22387121,89
194,1700002800,0.87061,0.87083,0.87034,0.87075,0.87056,37621.80543212,62
195,1700004600,0.87074,0.87082,0.87019,0.87058,0.87058,35342.69292110,50
196,1700006400,0.87076,0.87114,0.87072,0.87100,0.87088,26459.00330490,48
197,1700008200,0.87091,0.87102,0.87078,0.87079,0.87089,12664.89052320,37
198,1700010000,0.87081,0.87106,0.87079,0.87094,0.87085,13304.08464221,32
199,1700011800,0.87089,0.87113,0.87083,0.87097,0.87090,12869.59288919,28
200,1700013600,0.87091,0.87109,0.87086,0.87109,0.87096,26940.76558544,36
201,1700015400,0.87121,0.87121,0.87112,0.87118,0.87118,1085.35379053,5
202,1700017200,0.87107,0.87112,0.87097,0.87098,0.87102,3262.72851152,18
203,1700019000,0.87098,0.87116,0.87098,0.87114,0.87109,17804.09766850,31
204,1700020800,0.87108,0.87117,0.87108,0.87117,0.87110,983.27698106,4
205,1700022600,0.87111,0.87117,0.87097,0.87097,0.87105,9227.12316789,14
206,1700024400,0.87099,0.87114,0.87098,0.87114,0.87108,1474.94021550,12
207,1700026200,0.87094,0.87099,0.87080,0.87081,0.87089,6189.28965061,32
208,1700028000,0.87079,0.87108,0.87079,0.87103,0.87090,2467.87059872,26
209,1700029800,0.87099,0.87125,0.87080,0.87104,0.87099,16588.21363688,45
210,1700031600,0.87095,0.87220,0.87077,0.87137,0.87157,46813.72821880,75
211,1700033400,0.87129,0.87220,0.87129,0.87220,0.87174,73321.36438201,35
212,1700035200,0.87221,0.87288,0.87170,0.87225,0.87218,27207.96415057,50
213,1700037000,0.87219,0.87294,0.87197,0.87220,0.87250,22325.50273788,30
214,1700038800,0.87192,0.87210,0.87092,0.87111,0.87140,24317.05634515,59
215,1700040600,0.87106,0.87107,0.87000,0.87045,0.87057,26495.77910361,50
216,1700042400,0.87099,0.87102,0.87027,0.87060,0.87066,14311.98989552,54
217,1700044200,0.87103,0.87172,0.87065,0.87107,0.87100,10220.22912806,27
218,1700046000,0.87098,0.87241,0.87098,0.87135,0.87188,181806.37023184,145
219,1700047800,0.87206,0.87273,0.87072,0.87121,0.87151,115251.89678297,115
220,1700049600,0.87122,0.87143,0.87040,0.87111,0.87099,57043.50603777,135
221,1700051400,0.87102,0.87188,0.87102,0.87162,0.87136,44295.07694562,109
222,1700053200,0.87174,0.87223,0.87166,0.87183,0.87197,33543.90487372,95
223,1700055000,0.87189,0.87275,0.87167,0.87275,0.87225,93703.25584979,126
224,1700056800,0.87257,0.87268,0.87229,0.87251,0.87246,14115.39841992,64
225,1700058600,0.87252,0.87332,0.87196,0.87318,0.87248,22257.81368864,65
226,1700060400,0.87333,0.87376,0.87288,0.87307,0.87320,33010.41615903,94
227,1700062200,0.87313,0.87342,0.87287,0.87326,0.87311,32782.88173079,70
228,1700064000,0.87322,0.87325,0.87237,0.87256,0.87285,23603.21007215,98
229,1700065800,0.87251,0.87318,0.87244,0.87313,0.87279,31598.55056251,94
230,1700067600,0.87302,0.87345,0.87294,0.87340,0.87319,17572.43949268,92
231,1700069400,0.87340,0.87375,0.87336,0.87367,0.87356,15067.54327951,71
232,1700071200,0.87376,0.87403,0.87363,0.87363,0.87374,59731.53585934,144
233,1700073000,0.87366,0.87375,0.87313,0.87345,0.87353,142515.86842377,183
234,1700074800,0.87346,0.87370,0.87316,0.87344,0.87337,23717.65510366,96
235,1700076600,0.87345,0.87369,0.87329,0.87334,0.87345,21252.24651062,104
236,1700078400,0.87344,0.87406,0.87337,0.87389,0.87377,24291.98755664,96
237,1700080200,0.87392,0.87441,0.87379,0.87382,0.87400,90355.78291253,74
238,1700082000,0.87381,0.87402,0.87369,0.87382,0.87382,11312.08492456,36
239,1700083800,0.87377,0.87380,0.87362,0.87368,0.87371,15686.29449294,38
240,1700085600,0.87359,0.87400,0.87352,0.87369,0.87376,25366.58571872,73
241,1700087400,0.87353,0.87390,0.87314,0.87344,0.87349,104345.53267546,132
242,1700089200,0.87348,0.87394,0.87348,0.87378,0.87365,82614.15969707,74
243,1700091000,0.87368,0.87389,0.87359,0.87374,0.87371,34026.61550649,58
244,1700092800,0.87381,0.87406,0.87369,0.87383,0.87382,16432.14057941,51
245,1700094600,0.87376,0.87429,0.87376,0.87409,0.87408,16116.14129413,51
246,1700096400,0.87416,0.87423,0.87401,0.87410,0.87413,18077.92982053,70
247,1700098200,0.87414,0.87446,0.87407,0.87445,0.87425,11275.31125332,25
248,1700100000,0.87429,0.87459,0.87428,0.87429,0.87444,7438.86542199,37
249,1700101800,0.87442,0.87505,0.87442,0.87503,0.87463,24894.46055532,34
250,1700103600,0.87488,0.87493,0.87475,0.87479,0.87485,4370.87185766,28
251,1700105400,0.87474,0.87474,0.87446,0.87457,0.87454,12709.15254742,41
252,1700107200,0.87463,0.87463,0.87451,0.87454,0.87458,6350.40470574,20
253,1700109000,0.87459,0.87465,0.87457,0.87458,0.87460,1536.34334828,5
254,1700110800,0.87463,0.87477,0.87463,0.87471,0.87472,1207.58261630,22
255,1700112600,0.87470,0.87473,0.87462,0.87473,0.87468,7506.04583652,29
256,1700114400,0.87470,0.87491,0.87453,0.87491,0.87467,7488.29415547,23
257,1700116200,0.87488,0.87501,0.87478,0.87500,0.87491,23457.93628934,91
258,1700118000,0.87484,0.87532,0.87484,0.87523,0.87507,37282.50699500,52
259,1700119800,0.87522,0.87644,0.87517,0.87618,0.87579,20763.02719330,89
260,1700121600,0.87608,0.87670,0.87583,0.87653,0.87643,21360.16162208,83
261,1700123400,0.87652,0.87694,0.87581,0.87604,0.87624,25840.33368580,66
262,1700125200,0.87610,0.87610,0.87530,0.87530,0.87561,27260.16628777,108
263,1700127000,0.87535,0.87587,0.87518,0.87533,0.87541,17842.97109152,99
264,1700128800,0.87541,0.87586,0.87469,0.87484,0.87496,89540.20227483,122
265,1700130600,0.87475,0.87505,0.87381,0.87387,0.87478,83938.22157620,76
266,1700132400,0.87405,0.87485,0.87402,0.87471,0.87431,21051.83158703,51
267,1700134200,0.87457,0.87513,0.87457,0.87467,0.87478,47808.12364387,96
268,1700136000,0.87473,0.87539,0.87470,0.87514,0.87511,35019.57252222,82
269,1700137800,0.87505,0.87532,0.87493,0.87519,0.87510,32999.02565259,87
270,1700139600,0.87519,0.87528,0.87464,0.87476,0.87496,48432.33282512,211
271,1700141400,0.87471,0.87515,0.87447,0.87465,0.87473,44044.98018889,91
272,1700143200,0.87464,0.87531,0.87452,0.87479,0.87483,36951.69314450,73
273,1700145000,0.87474,0.87484,0.87456,0.87474,0.87471,27050.80763608,80
274,1700146800,0.87482,0.87508,0.87440,0.87467,0.87476,37187.31200118,126
275,1700148600,0.87453,0.87493,0.87422,0.87442,0.87459,76879.60836440,175
276,1700150400,0.87443,0.87489,0.87406,0.87423,0.87430,50797.76422466,134
277,1700152200,0.87416,0.87423,0.87332,0.87337,0.87366,34406.23122595,69
278,1700154000,0.87339,0.87360,0.87298,0.87355,0.87322,27396.83992317,70
279,1700155800,0.87365,0.87394,0.87355,0.87394,0.87372,24081.75637291,47
280,1700157600,0.87383,0.87478,0.87378,0.87455,0.87420,53509.75075686,111
281,1700159400,0.87441,0.87468,0.87428,0.87455,0.87453,15850.02564475,82
282,1700161200,0.87459,0.87487,0.87391,0.87455,0.87447,124737.09529194,362
283,1700163000,0.87461,0.87469,0.87415,0.87434,0.87439,53857.87345378,151
284,1700164800,0.87443,0.87457,0.87427,0.87447,0.87444,11781.16343038,69
285,1700166600,0.87445,0.87457,0.87420,0.87424,0.87430,6036.74736921,52
286,1700168400,0.87423,0.87438,0.87413,0.87422,0.87422,6467.74764789,57
287,1700170200,0.87416,0.87427,0.87407,0.87419,0.87419,14169.48282634,42
288,1700172000,0.87413,0.87432,0.87343,0.87391,0.87377,53399.92776439,82
289,1700173800,0.87391,0.87432,0.87391,0.87398,0.87411,38224.05806971,62
290,1700175600,0.87406,0.87427,0.87402,0.87421,0.87412,11773.57829760,54
291,1700177400,0.87425,0.87430,0.87409,0.87415,0.87423,6186.65004492,32
292,1700179200,0.87415,0.87427,0.87404,0.87414,0.87418,21389.20182627,40
293,1700181000,0.87404,0.87426,0.87381,0.87397,0.87408,26029.52957899,44
294,1700182800,0.87393,0.87410,0.87389,0.87399,0.87401,20249.25796891,27
295,1700184600,0.87400,0.87440,0.87400,0.87439,0.87424,21285.97753777,37
296,1700186400,0.87428,0.87471,0.87428,0.87447,0.87452,27767.28385215,72
297,1700188200,0.87457,0.87516,0.87457,0.87476,0.87490,102549.71480017,140
298,1700190000,0.87481,0.87488,0.87467,0.87473,0.87479,6084.85722212,17
299,1700191800,0.87478,0.87483,0.87452,0.87480,0.87470,14756.84992675,17
300,1700193600,0.87487,0.87487,0.87465,0.87466,0.87472,19759.19581268,24
301,1700195400,0.87470,0.87475,0.87460,0.87467,0.87467,17535.96148855,27
302,1700197200,0.87465,0.87476,0.87462,0.87469,0.87469,4364.48828568,30
303,1700199000,0.87458,0.87458,0.87426,0.87443,0.87446,3205.70227209,31
304,1700200800,0.87436,0.87464,0.87434,0.87442,0.87448,18309.21562397,45
305,1700202600,0.87434,0.87449,0.87427,0.87449,0.87437,11919.95727340,39
306,1700204400,0.87453,0.87612,0.87453,0.87546,0.87523,45777.82761930,85
307,1700206200,0.87539,0.87628,0.87539,0.87550,0.87577,14510.65064540,65
308,1700208000,0.87533,0.87549,0.87462,0.87530,0.87495,27122.48179421,98
309,1700209800,0.87531,0.87652,0.87487,0.87646,0.87575,130448.98376991,120
310,1700211600,0.87641,0.87642,0.87542,0.87542,0.87568,32542.40563209,78
311,1700213400,0.87547,0.87565,0.87472,0.87490,0.87523,38571.22151099,67
312,1700215200,0.87486,0.87486,0.87400,0.87480,0.87454,56346.72565851,106
313,1700217000,0.87422,0.87474,0.87395,0.87471,0.87438,31889.89901431,81
314,1700218800,0.87468,0.87502,0.87432,0.87476,0.87486,29822.38613453,78
315,1700220600,0.87480,0.87486,0.87439,0.87451,0.87458,20595.49873001,67
316,1700222400,0.87445,0.87445,0.87384,0.87384,0.87418,16511.97159806,79
317,1700224200,0.87379,0.87411,0.87364,0.87407,0.87389,43645.93461312,102
318,1700226000,0.87412,0.87508,0.87411,0.87506,0.87457,19802.98812271,57
319,1700227800,0.87506,0.87536,0.87409,0.87534,0.87460,322121.84905074,94
320,1700229600,0.87531,0.87606,0.87526,0.87559,0.87565,50668.61569941,91
321,1700231400,0.87549,0.87563,0.87513,0.87537,0.87539,46395.85611549,128
322,1700233200,0.87538,0.87604,0.87521,0.87580,0.87557,84791.42687972,129
323,1700235000,0.87553,0.87666,0.87535,0.87550,0.87584,103078.08708103,164
324,1700236800,0.87548,0.87605,0.87533,0.87588,0.87562,18868.74293370,62
325,1700238600,0.87589,0.87589,0.87510,0.87524,0.87540,27473.49380489,62
326,1700240400,0.87526,0.87568,0.87516,0.87550,0.87539,24654.89675680,100
327,1700242200,0.87538,0.87576,0.87538,0.87557,0.87559,19556.35786283,49
328,1700244000,0.87562,0.87577,0.87515,0.87529,0.87553,11613.88775691,46
329,1700245800,0.87531,0.87541,0.87508,0.87516,0.87524,17961.10920227,36
330,1700247600,0.87519,0.87540,0.87513,0.87540,0.87524,5865.20914039,30
331,1700249400,0.87540,0.87548,0.87508,0.87547,0.87524,17256.14482867,40
332,1700251200,0.87544,0.87549,0.87505,0.87531,0.87525,26209.28448813,71
333,1700253000,0.87533,0.87552,0.87516,0.87540,0.87538,20278.49987254,59
334,1700254800,0.87532,0.87542,0.87531,0.87540,0.87537,1986.77616109,26
335,1700256600,0.87540,0.87547,0.87535,0.87541,0.87542,4316.50379989,19
336,1700258400,0.87541,0.87553,0.87540,0.87552,0.87546,18951.38557026,35
337,1700260200,0.87551,0.87556,0.87547,0.87553,0.87549,3683.64768567,28
338,1700262000,0.87550,0.87552,0.87532,0.87538,0.87539,3081.94528053,26
339,1700263800,0.87538,0.87542,0.87532,0.87535,0.87538,3553.84546970,17
340,1700265600,0.87542,0.87542,0.87529,0.87537,0.87534,8669.01872658,24
341,1700267400,0.87533,0.87541,0.87530,0.87530,0.87535,6395.96311527,18
342,1700269200,0.87538,0.87538,0.87532,0.87532,0.87533,2943.49972358,4
343,1700271000,0.87536,0.87540,0.87523,0.87532,0.87533,11024.85142642,35
344,1700272800,0.87531,0.87542,0.87531,0.87542,0.87533,31.77904104,2
345,1700274600,0.87541,0.87542,0.87538,0.87542,0.87538,4885.53062778,11
346,1700276400,0.87534,0.87542,0.87530,0.87542,0.87535,3980.41091709,15
347,1700278200,0.87536,0.87548,0.87536,0.87548,0.87542,1003.87123765,7
348,1700280000,0.87538,0.87551,0.87526,0.87547,0.87544,1728.96353869,9
349,1700281800,0.87548,0.87548,0.87547,0.87547,0.87547,573.52658956,3
350,1700283600,0.87542,0.87545,0.87535,0.87535,0.87538,945.15046698,5
351,1700285400,0.87538,0.87551,0.87538,0.87539,0.87545,5283.25015717,20
352,1700287200,0.87545,0.87547,0.87537,0.87541,0.87541,2657.99748350,16
353,1700289000,0.87542,0.87545,0.87536,0.87545,0.87540,10956.72029707,21
354,1700290800,0.87539,0.87553,0.87539,0.87540,0.87544,5011.40469465,34
355,1700292600,0.87547,0.87552,0.87540,0.87547,0.87549,1962.03042705,18
356,1700294400,0.87553,0.87557,0.87543,0.87557,0.87551,2977.11149674,33
357,1700296200,0.87556,0.87557,0.87540,0.87547,0.87548,646.87706179,13
358,1700298000,0.87541,0.87548,0.87538,0.87546,0.87541,1170.97636326,8
359,1700299800,0.87545,0.87555,0.87544,0.87546,0.87550,13632.26650701,25
360,1700301600,0.87549,0.87557,0.87546,0.87553,0.87552,4588.06988423,20
361,1700303400,0.87551,0.87576,0.87546,0.87549,0.87553,21215.79541417,34
362,1700305200,0.87549,0.87554,0.87541,0.87549,0.87550,5132.54590554,22
363,1700307000,0.87550,0.87563,0.87543,0.87545,0.87550,15063.64106659,41
364,1700308800,0.87554,0.87554,0.87542,0.87553,0.87550,4432.52781533,41
365,1700310600,0.87546,0.87556,0.87511,0.87556,0.87518,50273.40011585,48
366,1700312400,0.87559,0.87565,0.87549,0.87562,0.87564,47797.93644942,35
367,1700314200,0.87565,0.87570,0.87550,0.87570,0.87555,9164.35143053,115
368,1700316000,0.87559,0.87565,0.87548,0.87563,0.87554,10559.09497395,43
369,1700317800,0.87564,0.87576,0.87557,0.87576,0.87565,5130.07751420,25
370,1700319600,0.87576,0.87581,0.87561,0.87565,0.87572,3041.84649146,19
371,1700321400,0.87566,0.87574,0.87565,0.87571,0.87569,3575.95810979,24
372,1700323200,0.87570,0.87576,0.87563,0.87572,0.87572,9400.99115036,29
373,1700325000,0.87566,0.87577,0.87561,0.87577,0.87570,24800.22903507,83
374,1700326800,0.87579,0.87581,0.87569,0.87571,0.87578,2784.88942486,17
375,1700328600,0.87573,0.87581,0.87565,0.87578,0.87573,7832.63371847,14
376,1700330400,0.87570,0.87584,0.87570,0.87573,0.87576,1880.54786859,16
377,1700332200,0.87575,0.87581,0.87556,0.87562,0.87570,9850.46138207,50
378,1700334000,0.87560,0.87568,0.87557,0.87564,0.87562,9137.29332729,25
379,1700335800,0.87564,0.87579,0.87559,0.87559,0.87567,16441.70254669,25
380,1700337600,0.87561,0.87579,0.87554,0.87569,0.87562,5958.73028899,24
381,1700339400,0.87573,0.87588,0.87566,0.87574,0.87577,8575.09103140,28
382,1700341200,0.87573,0.87577,0.87561,0.87573,0.87569,10694.58604550,47
383,1700343000,0.87566,0.87583,0.87562,0.87579,0.87569,8550.37861903,43
384,1700344800,0.87581,0.87585,0.87574,0.87574,0.87579,3763.45532998,37
385,1700346600,0.87573,0.87587,0.87573,0.87579,0.87583,1740.90388852,9
386,1700348400,0.87579,0.87586,0.87568,0.87573,0.87574,14079.66536208,38
387,1700350200,0.87575,0.87579,0.87575,0.87576,0.87577,995.67201804,8
388,1700352000,0.87576,0.87582,0.87569,0.87582,0.87576,924.41725568,8
389,1700353800,0.87587,0.87599,0.87576,0.87585,0.87587,3834.96824257,22
390,1700355600,0.87580,0.87592,0.87580,0.87588,0.87586,1799.87985949,10
391,1700357400,0.87583,0.87586,0.87577,0.87585,0.87583,1107.27976189,10
392,1700359200,0.87580,0.87586,0.87580,0.87586,0.87584,856.72368441,5
393,1700361000,0.87586,0.87586,0.87579,0.87579,0.87580,1032.56878377,6
394,1700362800,0.87584,0.87584,0.87584,0.87584,0.87584,147.19421707,1
395,1700364600,0.87585,0.87586,0.87579,0.87586,0.87584,265.75286491,4
396,1700366400,0.87580,0.87614,0.87580,0.87614,0.87600,3321.15436913,23
397,1700368200,0.87623,0.87630,0.87617,0.87617,0.87623,1173.45070599,5
398,1700370000,0.87624,0.87633,0.87624,0.87633,0.87629,884.03339589,5
399,1700371800,0.87624,0.87633,0.87624,0.87633,0.87630,471.73897049,4
400,1700373600,0.87627,0.87642,0.87627,0.87628,0.87634,1195.20039344,13
401,1700375400,0.87628,0.87634,0.87623,0.87634,0.87628,1621.11185795,10
402,1700377200,0.87627,0.87631,0.87615,0.87616,0.87625,2876.44174213,15
403,1700379000,0.87615,0.87622,0.87611,0.87611,0.87618,1895.41182126,8
404,1700380800,0.87621,0.87624,0.87612,0.87612,0.87617,5815.58847098,18
405,1700382600,0.87614,0.87623,0.87602,0.87608,0.87612,3781.41726658,23
406,1700384400,0.87616,0.87616,0.87603,0.87607,0.87608,8843.44822101,20
407,1700386200,0.87602,0.87610,0.87602,0.87610,0.87606,1231.59444226,17
408,1700388000,0.87608,0.87609,0.87599,0.87608,0.87604,1648.84976363,24
409,1700389800,0.87601,0.87609,0.87601,0.87608,0.87607,671.01767370,13
410,1700391600,0.87614,0.87699,0.87614,0.87695,0.87668,4078.14829855,16
411,1700393400,0.87699,0.87710,0.87681,0.87681,0.87699,7109.04888618,57
412,1700395200,0.87675,0.87675,0.87596,0.87598,0.87636,7142.60570858,21
413,1700397000,0.87604,0.87608,0.87593,0.87601,0.87600,2418.69945318,24
414,1700398800,0.87598,0.87608,0.87584,0.87601,0.87597,10496.82303952,25
415,1700400600,0.87601,0.87602,0.87592,0.87592,0.87600,568.93534463,9
416,1700402400,0.87590,0.87602,0.87586,0.87602,0.87592,1080.17797751,13
417,1700404200,0.87602,0.87610,0.87595,0.87595,0.87603,4827.59531836,17
418,1700406000,0.87603,0.87608,0.87598,0.87600,0.87600,15266.99661911,31
419,1700407800,0.87593,0.87614,0.87593,0.87612,0.87602,6778.72731076,20
420,1700409600,0.87609,0.87638,0.87600,0.87606,0.87612,12957.24193050,27
421,1700411400,0.87603,0.87608,0.87595,0.87599,0.87602,2085.59991929,24
422,1700413200,0.87604,0.87613,0.87601,0.87613,0.87604,5718.28075592,39
423,1700415000,0.87611,0.87621,0.87607,0.87621,0.87615,2701.25659558,20
424,1700416800,0.87620,0.87632,0.87617,0.87632,0.87619,9920.37944366,28
425,1700418600,0.87615,0.87643,0.87615,0.87643,0.87629,5561.80776029,37
426,1700420400,0.87620,0.87626,0.87614,0.87621,0.87619,2244.86689320,26
427,1700422200,0.87623,0.87641,0.87622,0.87628,0.87629,10842.73478806,41
428,1700424000,0.87630,0.87635,0.87619,0.87626,0.87626,10935.10181619,60
429,1700425800,0.87625,0.87627,0.87616,0.87627,0.87622,3218.47180946,22
430,1700427600,0.87627,0.87636,0.87622,0.87627,0.87628,8144.14114591,45
431,1700429400,0.87634,0.87649,0.87634,0.87641,0.87640,3464.80363099,23
432,1700431200,0.87649,0.87650,0.87574,0.87574,0.87617,50925.71705079,65
433,1700433000,0.87579,0.87586,0.87544,0.87555,0.87576,58241.32757904,41
434,1700434800,0.87558,0.87600,0.87531,0.87550,0.87556,93351.39066999,140
435,1700436600,0.87568,0.87587,0.87559,0.87572,0.87573,17149.40829203,30
436,1700438400,0.87555,0.87571,0.87548,0.87560,0.87563,21114.40968622,50
437,1700440200,0.87557,0.87586,0.87551,0.87551,0.87564,24791.63659422,39
438,1700442000,0.87555,0.87562,0.87504,0.87509,0.87538,23587.84495885,51
439,1700443800,0.87509,0.87520,0.87500,0.87500,0.87511,10482.92950917,45
440,1700445600,0.87494,0.87527,0.87492,0.87527,0.87506,9507.81323382,43
441,1700447400,0.87541,0.87541,0.87503,0.87507,0.87524,30710.14797009,55
442,1700449200,0.87507,0.87542,0.87503,0.87528,0.87534,30855.35807708,49
443,1700451000,0.87530,0.87536,0.87513,0.87513,0.87525,18552.08650081,33
444,1700452800,0.87511,0.87531,0.87489,0.87505,0.87504,39284.52611627,74
445,1700454600,0.87504,0.87530,0.87504,0.87515,0.87522,11225.38879786,19
446,1700456400,0.87501,0.87590,0.87501,0.87541,0.87545,42493.96967683,141
447,1700458200,0.87532,0.87554,0.87516,0.87539,0.87535,2335.91973859,44
448,1700460000,0.87534,0.87563,0.87511,0.87560,0.87545,5727.41114746,74
449,1700461800,0.87559,0.87578,0.87525,0.87571,0.87563,16274.48641838,101
450,1700463600,0.87571,0.87579,0.87519,0.87519,0.87537,50011.10424097,91
451,1700465400,0.87524,0.87561,0.87486,0.87534,0.87533,38566.60606609,61
452,1700467200,0.87553,0.87566,0.87498,0.87537,0.87559,1161720.76136462,111
453,1700469000,0.87539,0.87558,0.87521,0.87531,0.87539,37361.43844731,83
454,1700470800,0.87523,0.87624,0.87502,0.87606,0.87548,50688.79686146,102
455,1700472600,0.87606,0.87650,0.87460,0.87464,0.87602,59791.31481451,92
456,1700474400,0.87463,0.87631,0.87463,0.87631,0.87508,21348.48894098,68
457,1700476200,0.87604,0.87717,0.87591,0.87634,0.87651,16285.84220626,43
458,1700478000,0.87652,0.87678,0.87639,0.87645,0.87657,21120.96429338,31
459,1700479800,0.87651,0.87674,0.87596,0.87600,0.87634,38706.93555411,68
460,1700481600,0.87605,0.87661,0.87602,0.87651,0.87651,93459.10663688,113
461,1700483400,0.87642,0.87675,0.87620,0.87659,0.87645,42201.59940547,73
462,1700485200,0.87657,0.87686,0.87620,0.87634,0.87647,39072.55420382,71
463,1700487000,0.87638,0.87651,0.87611,0.87640,0.87635,31831.69073974,79
464,1700488800,0.87624,0.87666,0.87601,0.87631,0.87628,42753.97027474,138
465,1700490600,0.87630,0.87719,0.87602,0.87602,0.87673,126777.93347385,99
466,1700492400,0.87606,0.87676,0.87576,0.87606,0.87619,59945.60242640,117
467,1700494200,0.87599,0.87626,0.87579,0.87602,0.87601,33381.24856100,79
468,1700496000,0.87587,0.87615,0.87568,0.87600,0.87594,19317.92065670,70
469,1700497800,0.87601,0.87608,0.87552,0.87560,0.87591,15904.00447971,72
470,1700499600,0.87553,0.87561,0.87500,0.87519,0.87527,40473.33215502,116
471,1700501400,0.87525,0.87564,0.87525,0.87532,0.87551,23780.96620180,84
472,1700503200,0.87527,0.87536,0.87402,0.87472,0.87480,44435.62545592,76
473,1700505000,0.87481,0.87512,0.87441,0.87487,0.87473,7918.26143016,28
474,1700506800,0.87506,0.87507,0.87445,0.87446,0.87471,11379.39387977,31
475,1700508600,0.87457,0.87474,0.87392,0.87435,0.87441,54947.90327441,97
476,1700510400,0.87471,0.87504,0.87467,0.87486,0.87483,38101.15059418,112
477,1700512200,0.87487,0.87506,0.87469,0.87491,0.87486,106409.44887459,263
478,1700514000,0.87491,0.87521,0.87473,0.87500,0.87497,170095.82499874,419
479,1700515800,0.87500,0.87522,0.87492,0.87494,0.87501,10395.14580262,35
480,1700517600,0.87492,0.87530,0.87466,0.87530,0.87503,31602.50593645,55
481,1700519400,0.87516,0.87526,0.87457,0.87516,0.87496,39701.89575795,60
482,1700521200,0.87507,0.87514,0.87477,0.87498,0.87494,6316.37236044,29
483,1700523000,0.87493,0.87504,0.87493,0.87503,0.87496,3359.33007500,20
484,1700524800,0.87500,0.87512,0.87483,0.87511,0.87500,13398.19975859,33
485,1700526600,0.87512,0.87522,0.87493,0.87510,0.87504,18160.68094870,42
486,1700528400,0.87511,0.87545,0.87511,0.87517,0.87525,20070.57536359,46
487,1700530200,0.87516,0.87525,0.87495,0.87525,0.87512,20080.49954012,34
488,1700532000,0.87522,0.87528,0.87433,0.87452,0.87479,24016.23542680,66
489,1700533800,0.87462,0.87487,0.87448,0.87457,0.87463,16941.82574029,50
490,1700535600,0.87453,0.87462,0.87446,0.87457,0.87454,24765.02518462,31
491,1700537400,0.87458,0.87470,0.87453,0.87460,0.87461,13243.57480147,30
492,1700539200,0.87454,0.87457,0.87443,0.87447,0.87451,8735.78218507,19
493,1700541000,0.87470,0.87494,0.87418,0.87471,0.87448,145852.68998516,52
494,1700542800,0.87469,0.87475,0.87449,0.87456,0.87464,18729.83132294,41
495,1700544600,0.87464,0.87472,0.87446,0.87468,0.87462,12095.41600660,42
496,1700546400,0.87472,0.87485,0.87461,0.87485,0.87471,12631.12620916,49
497,1700548200,0.87478,0.87515,0.87478,0.87515,0.87494,35520.16710157,35
498,1700550000,0.87524,0.87524,0.87487,0.87487,0.87507,19864.79368333,54
499,1700551800,0.87480,0.87494,0.87452,0.87491,0.87474,24056.05549436,48
500,1700553600,0.87501,0.87530,0.87406,0.87440,0.87502,91156.81183677,108
501,1700555400,0.87438,0.87465,0.87368,0.87394,0.87398,51385.58392462,85
502,1700557200,0.87382,0.87410,0.87343,0.87394,0.87381,32361.43625031,56
503,1700559000,0.87387,0.87426,0.87340,0.87351,0.87378,65926.58739913,103
504,1700560800,0.87355,0.87365,0.87329,0.87342,0.87347,41426.79784393,101
505,1700562600,0.87338,0.87350,0.87268,0.87282,0.87310,37316.29903427,61
506,1700564400,0.87280,0.87376,0.87276,0.87341,0.87345,28005.19582274,67
507,1700566200,0.87354,0.87375,0.87330,0.87362,0.87359,19135.04057229,67
508,1700568000,0.87355,0.87378,0.87341,0.87369,0.87361,41047.65430779,77
509,1700569800,0.87360,0.87372,0.87312,0.87350,0.87331,63761.06719331,136
510,1700571600,0.87347,0.87364,0.87284,0.87300,0.87321,55439.38612122,96
511,1700573400,0.87304,0.87324,0.87276,0.87304,0.87299,43180.12370056,105
512,1700575200,0.87303,0.87328,0.87295,0.87309,0.87307,30237.99745865,63
513,1700577000,0.87312,0.87346,0.87275,0.87296,0.87318,52556.68178086,94
514,1700578800,0.87293,0.87357,0.87273,0.87321,0.87305,43345.63954697,187
515,1700580600,0.87312,0.87331,0.87219,0.87219,0.87282,64941.05350412,167
516,1700582400,0.87219,0.87256,0.87180,0.87191,0.87235,50030.77250176,98
517,1700584200,0.87199,0.87213,0.87116,0.87116,0.87151,61470.12722066,107
518,1700586000,0.87128,0.87147,0.87116,0.87136,0.87133,23713.16550927,61
519,1700587800,0.87109,0.87149,0.87028,0.87076,0.87081,74076.18978576,191
520,1700589600,0.87064,0.87102,0.87064,0.87083,0.87082,23136.49266870,73
521,1700591400,0.87072,0.87144,0.87072,0.87136,0.87093,25192.44317337,56
522,1700593200,0.87129,0.87133,0.87082,0.87083,0.87105,24818.54298534,80
523,1700595000,0.87081,0.87102,0.87065,0.87079,0.87085,26908.59449221,49
524,1700596800,0.87076,0.87112,0.87067,0.87112,0.87085,22066.31955989,65
525,1700598600,0.87104,0.87123,0.87079,0.87079,0.87107,28958.88230375,142
526,1700600400,0.87068,0.87094,0.87023,0.87060,0.87072,26972.26748406,89
527,1700602200,0.87058,0.87097,0.87051,0.87051,0.87072,36010.88961370,82
528,1700604000,0.87058,0.87145,0.87058,0.87075,0.87095,76287.31159031,134
529,1700605800,0.87078,0.87106,0.87060,0.87097,0.87077,65872.60528572,125
530,1700607600,0.87102,0.87103,0.87027,0.87066,0.87061,28337.85132051,69
531,1700609400,0.87055,0.87058,0.87043,0.87043,0.87051,6618.49023964,24
532,1700611200,0.87054,0.87054,0.87015,0.87048,0.87034,25460.01308433,48
533,1700613000,0.87044,0.87056,0.87040,0.87043,0.87046,9028.08061350,32
534,1700614800,0.87053,0.87074,0.87044,0.87051,0.87055,7838.73913623,28
535,1700616600,0.87060,0.87078,0.87044,0.87078,0.87055,14505.69870991,21
536,1700618400,0.87070,0.87096,0.87070,0.87096,0.87075,3482.43876238,13
537,1700620200,0.87089,0.87089,0.87069,0.87075,0.87076,9109.84409435,20
538,1700622000,0.87065,0.87067,0.87042,0.87054,0.87059,11710.03122012,14
539,1700623800,0.87065,0.87065,0.87046,0.87055,0.87055,1991.64120632,14
540,1700625600,0.87054,0.87082,0.87037,0.87061,0.87060,11845.33374663,28
541,1700627400,0.87066,0.87080,0.87066,0.87080,0.87078,2783.30395066,6
542,1700629200,0.87081,0.87085,0.87066,0.87079,0.87079,9144.54202275,33
543,1700631000,0.87083,0.87108,0.87077,0.87099,0.87088,9518.84466300,49
544,1700632800,0.87091,0.87120,0.87091,0.87109,0.87102,8449.61803095,36
545,1700634600,0.87099,0.87135,0.87098,0.87113,0.87112,17748.73831788,42
546,1700636400,0.87109,0.87139,0.87078,0.87122,0.87110,47202.38455135,58
547,1700638200,0.87126,0.87159,0.87126,0.87151,0.87145,14987.32165820,37
548,1700640000,0.87149,0.87162,0.87066,0.87085,0.87123,29632.38794013,56
549,1700641800,0.87083,0.87113,0.87041,0.87052,0.87081,46562.88277066,96
550,1700643600,0.87028,0.87072,0.86969,0.87072,0.87038,41886.81811290,86
551,1700645400,0.87053,0.87086,0.87051,0.87054,0.87070,18482.70355021,68
552,1700647200,0.87056,0.87079,0.87032,0.87041,0.87052,37955.65960736,89
553,1700649000,0.87038,0.87056,0.87014,0.87025,0.87033,37576.76300754,100
554,1700650800,0.87006,0.87108,0.87006,0.87016,0.87073,70797.37980115,104
555,1700652600,0.87014,0.87050,0.86970,0.86972,0.86993,12711.14138169,39
556,1700654400,0.86968,0.86987,0.86925,0.86949,0.86961,15425.93604763,48
557,1700656200,0.86946,0.87006,0.86928,0.87006,0.86966,69858.08450579,134
558,1700658000,0.87000,0.87115,0.86996,0.87093,0.87050,32260.75674115,91
559,1700659800,0.87084,0.87085,0.86980,0.86983,0.87046,175391.57959685,330
560,1700661600,0.86987,0.87121,0.86969,0.87121,0.87032,111933.99124606,309
561,1700663400,0.87051,0.87143,0.87051,0.87123,0.87095,25521.19996713,44
562,1700665200,0.87093,0.87154,0.87054,0.87137,0.87087,40333.17615939,77
563,1700667000,0.87141,0.87250,0.87141,0.87211,0.87197,13630.46354354,40
564,1700668800,0.87214,0.87223,0.87185,0.87209,0.87205,19190.00055208,61
565,1700670600,0.87216,0.87241,0.87186,0.87193,0.87211,31306.96972236,75
566,1700672400,0.87187,0.87267,0.87133,0.87150,0.87191,47285.58875664,67
567,1700674200,0.87153,0.87180,0.87149,0.87160,0.87163,33005.33134050,64
568,1700676000,0.87166,0.87167,0.87115,0.87132,0.87142,42781.95623333,85
569,1700677800,0.87145,0.87171,0.87143,0.87162,0.87156,22910.40769311,59
570,1700679600,0.87161,0.87161,0.87134,0.87152,0.87146,21405.65084600,47
571,1700681400,0.87145,0.87165,0.87139,0.87156,0.87154,22226.42849869,56
572,1700683200,0.87145,0.87157,0.87141,0.87146,0.87150,9270.30202891,49
573,1700685000,0.87143,0.87162,0.87138,0.87148,0.87149,18698.63697419,69
574,1700686800,0.87157,0.87162,0.87110,0.87160,0.87138,20863.76331699,74
575,1700688600,0.87159,0.87169,0.87142,0.87163,0.87156,29690.77678945,74
576,1700690400,0.87170,0.87170,0.87106,0.87124,0.87130,20804.75480937,43
577,1700692200,0.87120,0.87135,0.87111,0.87130,0.87126,19330.77589584,65
578,1700694000,0.87131,0.87154,0.87130,0.87152,0.87146,23541.08815949,70
579,1700695800,0.87155,0.87180,0.87150,0.87179,0.87171,5632.89789232,17
580,1700697600,0.87184,0.87185,0.87166,0.87175,0.87173,14973.97294212,62
581,1700699400,0.87169,0.87187,0.87169,0.87181,0.87179,2568.33632354,23
582,1700701200,0.87181,0.87216,0.87181,0.87207,0.87201,2130.78389965,29
583,1700703000,0.87201,0.87210,0.87198,0.87203,0.87204,3150.11276950,15
584,1700704800,0.87196,0.87219,0.87196,0.87214,0.87205,1491.58920804,21
585,1700706600,0.87206,0.87224,0.87206,0.87216,0.87220,2248.01276263,18
586,1700708400,0.87209,0.87230,0.87209,0.87215,0.87223,578.94485216,13
587,1700710200,0.87213,0.87220,0.87209,0.87213,0.87216,214.60385446,7
588,1700712000,0.87208,0.87219,0.87200,0.87214,0.87212,2796.86154549,18
589,1700713800,0.87212,0.87224,0.87205,0.87217,0.87213,1860.34494551,14
590,1700715600,0.87213,0.87219,0.87205,0.87208,0.87212,2398.08098272,24
591,1700717400,0.87208,0.87214,0.87190,0.87202,0.87198,2854.42901751,19
592,1700719200,0.87203,0.87242,0.87203,0.87233,0.87220,3447.66427365,34
593,1700721000,0.87232,0.87237,0.87198,0.87198,0.87214,3524.32503134,33
594,1700722800,0.87203,0.87248,0.87188,0.87203,0.87205,6814.39118075,47
595,1700724600,0.87195,0.87212,0.87185,0.87190,0.87196,6863.51872298,43
596,1700726400,0.87180,0.87210,0.87092,0.87092,0.87154,15503.50680549,65
597,1700728200,0.87104,0.87221,0.87104,0.87221,0.87165,26490.08075167,77
598,1700730000,0.87235,0.87281,0.87183,0.87204,0.87244,6710.80736760,38
599,1700731800,0.87202,0.87202,0.86910,0.86983,0.87057,68270.00530112,132
600,1700733600,0.86991,0.87047,0.86951,0.87037,0.86988,32516.48055343,66
601,1700735400,0.87016,0.87029,0.86998,0.87016,0.87011,10196.03515395,33
602,1700737200,0.87009,0.87042,0.86960,0.86963,0.86999,24197.08589917,57
603,1700739000,0.86957,0.86978,0.86903,0.86942,0.86933,44136.19961483,83
604,1700740800,0.86936,0.86960,0.86907,0.86917,0.86936,25363.65045633,65
605,1700742600,0.86906,0.86943,0.86853,0.86942,0.86898,36285.30602490,67
606,1700744400,0.86932,0.86977,0.86917,0.86945,0.86940,11159.85165836,50
607,1700746200,0.86946,0.86957,0.86907,0.86907,0.86930,43510.34229993,96
608,1700748000,0.86919,0.86951,0.86911,0.86911,0.86940,7343.91566180,14
609,1700749800,0.86947,0.86971,0.86930,0.86933,0.86944,8743.54845237,37
610,1700751600,0.86964,0.87013,0.86952,0.86982,0.86982,19752.16725409,54
611,1700753400,0.86974,0.87001,0.86940,0.86990,0.86951,15279.55029623,34
612,1700755200,0.86995,0.87023,0.86963,0.87021,0.86992,20270.41298334,45
613,1700757000,0.87012,0.87026,0.86983,0.86995,0.86997,4511.26899003,31
614,1700758800,0.87001,0.87017,0.86968,0.87009,0.86994,15082.79145727,51
615,1700760600,0.87017,0.87025,0.87007,0.87023,0.87019,2922.43935220,21
616,1700762400,0.87025,0.87056,0.87003,0.87012,0.87038,10375.88609469,40
617,1700764200,0.87003,0.87007,0.86989,0.86998,0.87000,2735.91202480,25
618,1700766000,0.86991,0.87008,0.86988,0.87008,0.86997,5257.58506670,33
619,1700767800,0.86999,0.87001,0.86983,0.86996,0.86994,15643.15508986,42
620,1700769600,0.86996,0.87005,0.86992,0.87001,0.86996,8214.58345885,40
621,1700771400,0.86993,0.87018,0.86993,0.87010,0.87007,9941.98249678,35
622,1700773200,0.87013,0.87016,0.87002,0.87011,0.87010,22094.48726408,62
623,1700775000,0.87011,0.87023,0.87003,0.87023,0.87009,15937.23971177,34
624,1700776800,0.87021,0.87039,0.87016,0.87034,0.87025,27010.50550637,55
625,1700778600,0.87027,0.87040,0.87017,0.87032,0.87023,15605.03168959,57
626,1700780400,0.87029,0.87030,0.87007,0.87007,0.87015,16142.92350836,36
627,1700782200,0.87004,0.87017,0.86978,0.87012,0.87004,19016.05204921,35
628,1700784000,0.87007,0.87011,0.86978,0.86999,0.86998,12763.29121725,27
629,1700785800,0.86991,0.87005,0.86968,0.86968,0.86990,19201.15766679,45
630,1700787600,0.86969,0.86993,0.86967,0.86982,0.86981,18185.49831171,52
631,1700789400,0.86977,0.87000,0.86977,0.86989,0.86993,15154.92048244,17
632,1700791200,0.86987,0.87020,0.86987,0.87010,0.87011,11194.60154128,24
633,1700793000,0.87003,0.87004,0.86992,0.86998,0.86997,7013.90194627,16
634,1700794800,0.86987,0.87014,0.86979,0.86985,0.86989,19099.13311743,26
635,1700796600,0.86988,0.86988,0.86974,0.86974,0.86984,10028.08534337,18
636,1700798400,0.86953,0.86973,0.86953,0.86971,0.86963,1580.64632540,7
637,1700800200,0.86977,0.86981,0.86955,0.86976,0.86972,12724.84369555,21
638,1700802000,0.86973,0.86996,0.86964,0.86973,0.86974,22974.24479029,40
639,1700803800,0.86971,0.86992,0.86971,0.86987,0.86980,2539.01651958,22
640,1700805600,0.86988,0.87010,0.86988,0.86998,0.87004,15924.39409101,23
641,1700807400,0.86990,0.86990,0.86970,0.86989,0.86981,3797.99783426,14
642,1700809200,0.86996,0.87051,0.86944,0.87047,0.86987,104754.95333699,49
643,1700811000,0.87049,0.87108,0.87049,0.87058,0.87072,43820.38868785,44
644,1700812800,0.87053,0.87075,0.86984,0.86986,0.87037,38994.81411208,73
645,1700814600,0.86980,0.86993,0.86922,0.86925,0.86949,37610.94146181,70
646,1700816400,0.86950,0.86957,0.86889,0.86903,0.86923,26207.84218973,60
647,1700818200,0.86902,0.86943,0.86897,0.86897,0.86920,22866.21176143,64
648,1700820000,0.86901,0.86919,0.86854,0.86854,0.86893,23028.92996791,51
649,1700821800,0.86847,0.86890,0.86825,0.86849,0.86875,74555.55000737,70
650,1700823600,0.86841,0.86936,0.86834,0.86936,0.86874,59908.85353688,66
651,1700825400,0.86923,0.86944,0.86851,0.86861,0.86905,60264.80048291,44
652,1700827200,0.86859,0.86930,0.86851,0.86870,0.86893,117737.97358527,76
653,1700829000,0.86874,0.86881,0.86788,0.86788,0.86823,44931.78647332,81
654,1700830800,0.86786,0.86810,0.86754,0.86784,0.86780,24360.49568297,49
655,1700832600,0.86781,0.86818,0.86763,0.86792,0.86790,20384.02981375,38
656,1700834400,0.86780,0.86788,0.86677,0.86698,0.86717,353050.51119261,566
657,1700836200,0.86703,0.86756,0.86668,0.86724,0.86693,180406.27082651,284
658,1700838000,0.86720,0.86772,0.86676,0.86772,0.86727,30788.08696905,69
659,1700839800,0.86774,0.86775,0.86687,0.86687,0.86736,26422.05915507,60
660,1700841600,0.86697,0.86745,0.86670,0.86688,0.86702,50526.88468215,88
661,1700843400,0.86693,0.86742,0.86672,0.86731,0.86703,42762.45267440,123
662,1700845200,0.86812,0.86812,0.86704,0.86728,0.86730,31226.41132383,48
663,1700847000,0.86746,0.86783,0.86712,0.86779,0.86723,3846.82241842,14
664,1700848800,0.86749,0.86778,0.86688,0.86764,0.86731,1898.58141529,7
665,1700850600,0.86808,0.86808,0.86771,0.86771,0.86784,767.71582230,5
666,1700852400,0.86771,0.86793,0.86685,0.86779,0.86750,33954.68707821,46
667,1700854200,0.86787,0.86806,0.86773,0.86796,0.86791,65227.60012546,69
668,1700856000,0.86789,0.86813,0.86759,0.86806,0.86783,26427.43001606,33
669,1700857800,0.86799,0.86820,0.86780,0.86797,0.86798,29007.49787980,19
670,1700859600,0.86758,0.86758,0.86729,0.86742,0.86757,1786.94679138,6
671,1700861400,0.86792,0.86814,0.86708,0.86776,0.86798,7334.96109961,18
672,1700863200,0.86696,0.86782,0.86696,0.86719,0.86731,1389.53696817,11
673,1700865000,0.86734,0.86780,0.86696,0.86780,0.86735,5657.00282044,11
674,1700866800,0.86784,0.86789,0.86732,0.86732,0.86759,2555.89757159,23
675,1700868600,0.86733,0.86770,0.86733,0.86770,0.86769,1160.38853186,2
676,1700870400,0.86734,0.86788,0.86714,0.86788,0.86732,6824.15428689,7
677,1700872200,0.86744,0.86754,0.86737,0.86743,0.86746,20566.92078112,29
678,1700874000,0.86743,0.86744,0.86739,0.86741,0.86742,5717.80692913,20
679,1700875800,0.86740,0.86747,0.86675,0.86727,0.86709,46705.44486450,116
680,1700877600,0.86788,0.86829,0.86750,0.86750,0.86787,10252.54135620,19
681,1700879400,0.86751,0.86751,0.86695,0.86751,0.86743,3286.66698784,10
682,1700881200,0.86739,0.86761,0.86738,0.86761,0.86749,1889.80697208,8
683,1700883000,0.86748,0.86766,0.86748,0.86749,0.86757,2148.49822087,6
684,1700884800,0.86760,0.86762,0.86760,0.86762,0.86760,190.35720569,2
685,1700886600,0.86766,0.86766,0.86757,0.86763,0.86764,627.73452000,5
686,1700888400,0.86765,0.86766,0.86765,0.86766,0.86765,293.10538435,3
687,1700890200,0.86760,0.86760,0.86760,0.86760,0.86760,18.89475563,1
688,1700892000,0.86766,0.86766,0.86757,0.86757,0.86765,694.61760936,2
689,1700893800,0.86765,0.86765,0.86754,0.86754,0.86760,3792.78825243,14
690,1700895600,0.86762,0.86765,0.86751,0.86755,0.86756,2246.07233819,12
691,1700897400,0.86761,0.86761,0.86746,0.86746,0.86753,3042.76816690,15
692,1700899200,0.86755,0.86768,0.86743,0.86753,0.86749,7768.69533298,27
693,1700901000,0.86742,0.86754,0.86735,0.86735,0.86748,1576.12333088,14
694,1700902800,0.86736,0.86736,0.86730,0.86735,0.86733,3374.43996897,13
695,1700904600,0.86732,0.86754,0.86730,0.86734,0.86739,14797.68941688,26
696,1700906400,0.86741,0.86750,0.86729,0.86733,0.86735,10892.82428844,30
697,1700908200,0.86748,0.86748,0.86723,0.86723,0.86730,1424.97077128,11
698,1700910000,0.86726,0.86743,0.86717,0.86717,0.86724,3542.25243498,13
699,1700911800,0.86729,0.86749,0.86719,0.86736,0.86738,6818.99773537,20
700,1700913600,0.86726,0.86734,0.86723,0.86734,0.86725,6164.10388765,10
701,1700915400,0.86722,0.86735,0.86715,0.86722,0.86723,1982.69515109,10
702,1700917200,0.86721,0.86735,0.86719,0.86727,0.86723,1233.87562053,9
703,1700919000,0.86729,0.86737,0.86723,0.86723,0.86727,6569.54101985,26
704,1700920800,0.86722,0.86734,0.86715,0.86734,0.86726,3034.01815817,15
705,1700922600,0.86720,0.86732,0.86713,0.86732,0.86721,1367.11542670,8
706,1700924400,0.86732,0.86738,0.86716,0.86716,0.86727,3133.64656482,14
707,1700926200,0.86716,0.86748,0.86716,0.86742,0.86734,3445.49065203,19
708,1700928000,0.86742,0.86750,0.86735,0.86735,0.86743,265.47961667,4
709,1700929800,0.86727,0.86737,0.86725,0.86726,0.86729,568.54060274,5
710,1700931600,0.86739,0.86743,0.86726,0.86728,0.86732,626.47972880,9
711,1700933400,0.86722,0.86739,0.86719,0.86726,0.86725,1803.38681399,12
712,1700935200,0.86734,0.86735,0.86719,0.86732,0.86725,685.46595539,10
713,1700937000,0.86721,0.86730,0.86721,0.86730,0.86724,598.38778238,8
714,1700938800,0.86729,0.86739,0.86725,0.86728,0.86732,741.05598832,17
715,1700940600,0.86738,0.86756,0.86738,0.86756,0.86741,1525.39071856,33
716,1700942400,0.86754,0.86763,0.86746,0.86752,0.86748,5849.77497411,12
717,1700944200,0.86766,0.86767,0.86748,0.86762,0.86750,1762.06714464,11
718,1700946000,0.86763,0.86772,0.86750,0.86772,0.86758,2435.50991383,15
719,1700947800,0.86774,0.86785,0.86766,0.86766,0.86777,3250.38401053,6
